"ExptID","TimePoint","ExpTime","TreatCode","ChamberID","UrchinID","Rate","MSRate","MSProp","plotGrp"
"FL06","T0",-1,"Cyc3","S1","CU28",0.553582475508023,0.507873830741305,1,"Cyc3-P1"
"FL06","T0",-1,"Cyc3","S2","CU29",0.529017025755679,0.468156659960778,1,"Cyc3-P1"
"FL06","T0",-1,"Cyc3","S3","CU30",0.582947309790544,0.654996977292746,1,"Cyc3-P1"
"FL06","T0",-1,"Cyc3","S4","CU31",0.557732454520596,0.472654622475081,1,"Cyc3-P1"
"FL06","T0",-1,"Cyc3","S5","CU32",0.897721316190509,0.955022676798414,1,"Cyc3-P1"
"FL06","T0",-1,"Cyc3","S6","CU33",0.493570974362542,0.448700885784129,1,"Cyc3-P1"
"FL06","T1",1.5,"Cyc3","S1","CU28",0.383723235391808,0.352039665497071,0.693163624877512,"Cyc3-P1"
"FL06","T1",1.5,"Cyc3","S2","CU29",0.449333502577301,0.397640267767523,0.84937436925673,"Cyc3-P1"
"FL06","T1",1.5,"Cyc3","S3","CU30",0.435478908182258,0.489302144025009,0.747029621491397,"Cyc3-P1"
"FL06","T1",1.5,"Cyc3","S4","CU31",0.421357581791234,0.357082696433249,0.755483347572834,"Cyc3-P1"
"FL06","T1",1.5,"Cyc3","S5","CU32",0.590960530021371,0.628681414916352,0.658289515201798,"Cyc3-P1"
"FL06","T1",1.5,"Cyc3","S6","CU33",0.552156789368538,0.501960717607761,1.11869785309329,"Cyc3-P1"
"FL06","T10",37.5,"Cyc3","S1","CU28",0.482446646131972,0.442611601955938,0.871499130620474,"Cyc3-P2"
"FL06","T10",37.5,"Cyc3","S2","CU29",0.444501709187868,0.393364344414042,0.840240838284771,"Cyc3-P2"
"FL06","T10",37.5,"Cyc3","S3","CU30",0.438372096073809,0.492552916936864,0.75199265647408,"Cyc3-P2"
"FL06","T10",37.5,"Cyc3","S4","CU31",0.348807994249442,0.295599995126645,0.625403796071474,"Cyc3-P2"
"FL06","T10",37.5,"Cyc3","S5","CU32",0.420253501803724,0.447078193408218,0.468133589148885,"Cyc3-P2"
"FL06","T10",37.5,"Cyc3","S6","CU33",0.508320553636297,0.462109594214816,1.02988340084788,"Cyc3-P2"
"FL06","T11",49.5,"Cyc3","S1","CU28",0.501915530492676,0.460472963754748,0.906668026353377,"Cyc3-P3"
"FL06","T11",49.5,"Cyc3","S2","CU29",0.457427673615319,0.404803250987008,0.864674767247619,"Cyc3-P3"
"FL06","T11",49.5,"Cyc3","S3","CU30",0.487655654412591,0.547927701587181,0.836534702575106,"Cyc3-P3"
"FL06","T11",49.5,"Cyc3","S4","CU31",0.418745886201572,0.354869395086078,0.750800644300874,"Cyc3-P3"
"FL06","T11",49.5,"Cyc3","S5","CU32",0.362737496292396,0.385890953502549,0.404064702208116,"Cyc3-P3"
"FL06","T11",49.5,"Cyc3","S6","CU33",0.450272499287313,0.409338635715739,0.912275078308343,"Cyc3-P3"
"FL06","T12",52.5,"Cyc3","S1","CU28",0.612792589603866,0.562195036333822,1.10695807167939,"Cyc3-P3"
"FL06","T12",52.5,"Cyc3","S2","CU29",0.696195395925843,0.616102120288357,1.31601699384128,"Cyc3-P3"
"FL06","T12",52.5,"Cyc3","S3","CU30",0.631379742671736,0.709415441204198,1.08308200770082,"Cyc3-P3"
"FL06","T12",52.5,"Cyc3","S4","CU31",0.632669707017088,0.536160768658549,1.13436057358524,"Cyc3-P3"
"FL06","T12",52.5,"Cyc3","S5","CU32",0.607653178181699,0.646439551257126,0.67688398083303,"Cyc3-P3"
"FL06","T12",52.5,"Cyc3","S6","CU33",0.627160797131886,0.570146179210804,1.27065980316585,"Cyc3-P3"
"FL06","T13",55.5,"Cyc3","S1","CU28",0.491772561518595,0.451167487631739,0.888345609328213,"Cyc3-P3"
"FL06","T13",55.5,"Cyc3","S2","CU29",0.443648838473602,0.392609591569559,0.838628658198417,"Cyc3-P3"
"FL06","T13",55.5,"Cyc3","S3","CU30",0.447033760686871,0.502285124367271,0.766851056997746,"Cyc3-P3"
"FL06","T13",55.5,"Cyc3","S4","CU31",0.348747547966478,0.295548769463117,0.625295417434956,"Cyc3-P3"
"FL06","T13",55.5,"Cyc3","S5","CU32",0.354083062500064,0.376684109042622,0.39442425629662,"Cyc3-P3"
"FL06","T13",55.5,"Cyc3","S6","CU33",0.422839146234495,0.384399223849541,0.856693704042466,"Cyc3-P3"
"FL06","T14",58.5,"Cyc3","S1","CU28",0.616766526988799,0.56584085044844,1.11413665402394,"Cyc3-P3"
"FL06","T14",58.5,"Cyc3","S2","CU29",0.676169694135821,0.598380260297187,1.27816244320292,"Cyc3-P3"
"FL06","T14",58.5,"Cyc3","S3","CU30",0.61160640891293,0.68719821226172,1.04916241766805,"Cyc3-P3"
"FL06","T14",58.5,"Cyc3","S4","CU31",0.499559430000902,0.423355449153306,0.89569725762203,"Cyc3-P3"
"FL06","T14",58.5,"Cyc3","S5","CU32",0.574584361379044,0.611259958913877,0.640047586056327,"Cyc3-P3"
"FL06","T14",58.5,"Cyc3","S6","CU33",0.433490474526404,0.394082249569458,0.878273839109495,"Cyc3-P3"
"FL06","T15",61.5,"Cyc3","S1","CU28",0.477107228387863,0.437713053566847,0.861853923302072,"Cyc3-P3"
"FL06","T15",61.5,"Cyc3","S2","CU29",0.439211510184808,0.388682752375936,0.830240783947193,"Cyc3-P3"
"FL06","T15",61.5,"Cyc3","S3","CU30",0.414643886252998,0.465892007025841,0.711288789379579,"Cyc3-P3"
"FL06","T15",61.5,"Cyc3","S4","CU31",0.288534684896116,0.244520919403488,0.517335296803067,"Cyc3-P3"
"FL06","T15",61.5,"Cyc3","S5","CU32",0.337988614869839,0.359562356244509,0.376496145044319,"Cyc3-P3"
"FL06","T15",61.5,"Cyc3","S6","CU33",0.357859739859609,0.325327036236008,0.725042108324527,"Cyc3-P3"
"FL06","T2",4.5,"Cyc3","S1","CU28",0.650071796537719,0.596396143612586,1.17429981131745,"Cyc3-P1"
"FL06","T2",4.5,"Cyc3","S2","CU29",0.593208783691221,0.524963525390461,1.12134157278558,"Cyc3-P1"
"FL06","T2",4.5,"Cyc3","S3","CU30",0.567662734058573,0.637823296695026,0.973780519310635,"Cyc3-P1"
"FL06","T2",4.5,"Cyc3","S4","CU31",0.547455033654415,0.463944943774928,0.981572847728549,"Cyc3-P1"
"FL06","T2",4.5,"Cyc3","S5","CU32",0.738823080760469,0.785982000809009,0.822998259521866,"Cyc3-P1"
"FL06","T2",4.5,"Cyc3","S6","CU33",0.627927739542097,0.570843399583724,1.27221366765556,"Cyc3-P1"
"FL06","T3",7.5,"Cyc3","S1","CU28",0.496668018649914,0.455658732706343,0.89718883928564,"Cyc3-P1"
"FL06","T3",7.5,"Cyc3","S2","CU29",0.485624189678316,0.429755920069307,0.917974594455864,"Cyc3-P1"
"FL06","T3",7.5,"Cyc3","S3","CU30",0.429601117947667,0.482697885334457,0.7369467372652,"Cyc3-P1"
"FL06","T3",7.5,"Cyc3","S4","CU31",0.458049078316977,0.388177185014387,0.82127026068565,"Cyc3-P1"
"FL06","T3",7.5,"Cyc3","S5","CU32",0.524261211286335,0.557724692857803,0.583991046922048,"Cyc3-P1"
"FL06","T3",7.5,"Cyc3","S6","CU33",0.463653866437542,0.421503514943221,0.939386411521388,"Cyc3-P1"
"FL06","T4",10.5,"Cyc3","S1","CU28",0.572686626649401,0.525400574907707,1.03451003596862,"Cyc3-P1"
"FL06","T4",10.5,"Cyc3","S2","CU29",0.650695241343444,0.575836496764109,1.2300081276476,"Cyc3-P1"
"FL06","T4",10.5,"Cyc3","S3","CU30",0.587096566722666,0.659659063733332,1.00711772206928,"Cyc3-P1"
"FL06","T4",10.5,"Cyc3","S4","CU31",0.533006287610458,0.451700243737676,0.955666616296534,"Cyc3-P1"
"FL06","T4",10.5,"Cyc3","S5","CU32",0.808856747601225,0.860485901703431,0.901010962994193,"Cyc3-P1"
"FL06","T4",10.5,"Cyc3","S6","CU33",0.605248930420377,0.550226300382161,1.22626524220163,"Cyc3-P1"
"FL06","T5",13.5,"Cyc3","S1","CU28",0.452783306982909,0.415397529342118,0.817914813086144,"Cyc3-P1"
"FL06","T5",13.5,"Cyc3","S2","CU29",0.419678155275957,0.371396597589343,0.79331691579579,"Cyc3-P1"
"FL06","T5",13.5,"Cyc3","S3","CU30",0.457572793121511,0.514126733844394,0.784929933523356,"Cyc3-P1"
"FL06","T5",13.5,"Cyc3","S4","CU31",0.381528064747242,0.323328868429867,0.684070044077296,"Cyc3-P1"
"FL06","T5",13.5,"Cyc3","S5","CU32",0.549063384242117,0.584109983236295,0.611618967200282,"Cyc3-P1"
"FL06","T5",13.5,"Cyc3","S6","CU33",0.482407645920316,0.438552405382106,0.977382526481337,"Cyc3-P1"
"FL06","T6",25.5,"Cyc3","S1","CU28",0.493439736123269,0.452697005617678,0.891357219482858,"Cyc3-P2"
"FL06","T6",25.5,"Cyc3","S2","CU29",0.446920623838284,0.39550497684804,0.844813308607369,"Cyc3-P2"
"FL06","T6",25.5,"Cyc3","S3","CU30",0.461175869785207,0.51817513459012,0.791110726543897,"Cyc3-P2"
"FL06","T6",25.5,"Cyc3","S4","CU31",0.400003794019474,0.338986266118198,0.71719655325294,"Cyc3-P2"
"FL06","T6",25.5,"Cyc3","S5","CU32",0.531466335018774,0.565389718105079,0.59201706078904,"Cyc3-P2"
"FL06","T6",25.5,"Cyc3","S6","CU33",0.561501754147472,0.510456140134065,1.13763122896897,"Cyc3-P2"
"FL06","T7",28.5,"Cyc3","S1","CU28",0.610248492913581,0.55986100267301,1.10236237582043,"Cyc3-P2"
"FL06","T7",28.5,"Cyc3","S2","CU29",0.673171261839426,0.595726780388873,1.27249451164228,"Cyc3-P2"
"FL06","T7",28.5,"Cyc3","S3","CU30",0.576706428375233,0.647984750983408,0.989294261573052,"Cyc3-P2"
"FL06","T7",28.5,"Cyc3","S4","CU31",0.557698084205281,0.472625495089221,0.999938374905322,"Cyc3-P2"
"FL06","T7",28.5,"Cyc3","S5","CU32",0.685196099644046,0.728932020897921,0.763261479132169,"Cyc3-P2"
"FL06","T7",28.5,"Cyc3","S6","CU33",0.673227133842222,0.612024667129293,1.36399255388085,"Cyc3-P2"
"FL06","T8",31.5,"Cyc3","S1","CU28",0.493323681012338,0.452590533038843,0.891147575724132,"Cyc3-P2"
"FL06","T8",31.5,"Cyc3","S2","CU29",0.477417553100435,0.422493409823395,0.90246160304286,"Cyc3-P2"
"FL06","T8",31.5,"Cyc3","S3","CU30",0.453348067359968,0.509379850966256,0.777682750646638,"Cyc3-P2"
"FL06","T8",31.5,"Cyc3","S4","CU31",0.446392264354605,0.378298529114072,0.800369891937355,"Cyc3-P2"
"FL06","T8",31.5,"Cyc3","S5","CU32",0.494778717344476,0.526360337600505,0.551149569940117,"Cyc3-P2"
"FL06","T8",31.5,"Cyc3","S6","CU33",0.535121673586174,0.486474248714703,1.08418383855999,"Cyc3-P2"
"FL06","T9",34.5,"Cyc3","S1","CU28",0.618282750772087,0.567231881442282,1.11687558426536,"Cyc3-P2"
"FL06","T9",34.5,"Cyc3","S2","CU29",0.645498565784431,0.57123766883578,1.22018486052006,"Cyc3-P2"
"FL06","T9",34.5,"Cyc3","S3","CU30",0.649495187649354,0.72976987376332,1.1141576206651,"Cyc3-P2"
"FL06","T9",34.5,"Cyc3","S4","CU31",0.523781975348798,0.443883029956608,0.939127660768852,"Cyc3-P2"
"FL06","T9",34.5,"Cyc3","S5","CU32",0.690992817106554,0.735098741602717,0.76971862497238,"Cyc3-P2"
"FL06","T9",34.5,"Cyc3","S6","CU33",0.61474595657106,0.558859960519146,1.24550670218203,"Cyc3-P2"
"FL07","T0",-1,"Constant","S1","CU34",0.617702539792734,0.406383249863641,1,"Constant-P1"
"FL07","T0",-1,"Constant","S2","CU35",0.644543415310771,0.555640875267906,1,"Constant-P1"
"FL07","T0",-1,"Constant","S3","CU36",0.76356745183485,0.557348504988941,1,"Constant-P1"
"FL07","T0",-1,"Constant","S4","CU37",0.619146754887213,0.469050571884252,1,"Constant-P1"
"FL07","T0",-1,"Constant","S5","CU38",0.647807678772097,0.744606527324249,1,"Constant-P1"
"FL07","T0",-1,"Constant","S6","CU39",0.443577923528062,0.568689645548797,1,"Constant-P1"
"FL07","T1",1.5,"Constant","S1","CU34",0.646442562374914,0.425291159457181,1.04652728575768,"Constant-P1"
"FL07","T1",1.5,"Constant","S2","CU35",0.567564001878267,0.489279311964024,0.8805675279525,"Constant-P1"
"FL07","T1",1.5,"Constant","S3","CU36",0.669522660276278,0.488702671734509,0.876834991679409,"Constant-P1"
"FL07","T1",1.5,"Constant","S4","CU37",0.420356702462027,0.318452047319717,0.678929024732757,"Constant-P1"
"FL07","T1",1.5,"Constant","S5","CU38",0.457149287617016,0.525458951283926,0.705686737896547,"Constant-P1"
"FL07","T1",1.5,"Constant","S6","CU39",0.261439374997895,0.335178685894737,0.589387706490212,"Constant-P1"
"FL07","T10",37.5,"Constant","S1","CU34",0.648229883729821,0.426467028769619,1.04942078422946,"Constant-P2"
"FL07","T10",37.5,"Constant","S2","CU35",0.652111313709299,0.562164925611464,1.01174148741381,"Constant-P2"
"FL07","T10",37.5,"Constant","S3","CU36",0.844062810699256,0.616104241386318,1.10542010227253,"Constant-P2"
"FL07","T10",37.5,"Constant","S4","CU37",0.554898276307402,0.420377482051062,0.896230614030247,"Constant-P2"
"FL07","T10",37.5,"Constant","S5","CU38",0.61513624826866,0.707053158929494,0.949566157404363,"Constant-P2"
"FL07","T10",37.5,"Constant","S6","CU39",0.414452555952121,0.531349430707848,0.934339907305829,"Constant-P2"
"FL07","T11",49.5,"Constant","S1","CU34",0.675787094527507,0.444596772715464,1.09403321338821,"Constant-P3"
"FL07","T11",49.5,"Constant","S2","CU35",0.718181029052319,0.619121576769241,1.11424771705416,"Constant-P3"
"FL07","T11",49.5,"Constant","S3","CU36",0.895482509891691,0.653636868534081,1.17276149964204,"Constant-P3"
"FL07","T11",49.5,"Constant","S4","CU37",0.563855661182112,0.427163379683418,0.910697918920413,"Constant-P3"
"FL07","T11",49.5,"Constant","S5","CU38",0.604875570904406,0.695259276901615,0.93372707784343,"Constant-P3"
"FL07","T11",49.5,"Constant","S6","CU39",0.433829295897854,0.556191404997248,0.978022739381007,"Constant-P3"
"FL07","T12",52.5,"Constant","S1","CU34",0.618947109245988,0.407202045556571,1.00201483622468,"Constant-P3"
"FL07","T12",52.5,"Constant","S2","CU35",0.648173470844232,0.558770233486407,1.00563197985928,"Constant-P3"
"FL07","T12",52.5,"Constant","S3","CU36",0.891035346836669,0.650390764114357,1.16693730815204,"Constant-P3"
"FL07","T12",52.5,"Constant","S4","CU37",0.600344934663794,0.454806768684693,0.969632691966797,"Constant-P3"
"FL07","T12",52.5,"Constant","S5","CU38",0.577598450387148,0.663906264812814,0.891620259089814,"Constant-P3"
"FL07","T12",52.5,"Constant","S6","CU39",0.433234875011667,0.555429326938034,0.976682679710185,"Constant-P3"
"FL07","T13",55.5,"Constant","S1","CU34",0.552318044706208,0.363367134675137,0.894148897123743,"Constant-P3"
"FL07","T13",55.5,"Constant","S2","CU35",0.691416020033008,0.596048293131903,1.07272218381075,"Constant-P3"
"FL07","T13",55.5,"Constant","S3","CU36",0.792394908895595,0.57839044444934,1.0377536483404,"Constant-P3"
"FL07","T13",55.5,"Constant","S4","CU37",0.617483403635618,0.467790457299711,0.997313478204537,"Constant-P3"
"FL07","T13",55.5,"Constant","S5","CU38",0.633291463624234,0.727921222556591,0.977591782833791,"Constant-P3"
"FL07","T13",55.5,"Constant","S6","CU39",0.438587310559408,0.562291423794113,0.988749185421672,"Constant-P3"
"FL07","T14",58.5,"Constant","S1","CU34",0.566953677237116,0.372995840287576,0.917842554811826,"Constant-P3"
"FL07","T14",58.5,"Constant","S2","CU35",0.645650024165787,0.556594848418781,1.00171688799967,"Constant-P3"
"FL07","T14",58.5,"Constant","S3","CU36",0.821737171556749,0.599808154420984,1.07618150771372,"Constant-P3"
"FL07","T14",58.5,"Constant","S4","CU37",0.565622009699416,0.428501522499558,0.913550794274053,"Constant-P3"
"FL07","T14",58.5,"Constant","S5","CU38",0.604417890978379,0.694733208021125,0.933020571975987,"Constant-P3"
"FL07","T14",58.5,"Constant","S6","CU39",0.434194108763573,0.556659113799453,0.97884517180239,"Constant-P3"
"FL07","T15",61.5,"Constant","S1","CU34",0.614896980466712,0.404537487149152,0.99545807383767,"Constant-P3"
"FL07","T15",61.5,"Constant","S2","CU35",0.660210713032651,0.569147166407457,1.02430759100118,"Constant-P3"
"FL07","T15",61.5,"Constant","S3","CU36",0.818276317382552,0.597281983490914,1.07164902775287,"Constant-P3"
"FL07","T15",61.5,"Constant","S4","CU37",0.556995374020276,0.421966192439602,0.899617690997574,"Constant-P3"
"FL07","T15",61.5,"Constant","S5","CU38",0.5925387153285,0.681078983136207,0.914683068363194,"Constant-P3"
"FL07","T15",61.5,"Constant","S6","CU39",0.40552684474278,0.519906211208692,0.91421782562433,"Constant-P3"
"FL07","T2",4.5,"Constant","S1","CU34",0.609142263924551,0.400751489424047,0.98614175057293,"Constant-P1"
"FL07","T2",4.5,"Constant","S2","CU35",0.55594624900787,0.479264007765406,0.862542748559175,"Constant-P1"
"FL07","T2",4.5,"Constant","S3","CU36",0.655891076120389,0.478752610306853,0.858982496627226,"Constant-P1"
"FL07","T2",4.5,"Constant","S4","CU37",0.44379992361619,0.336212063345599,0.716792779923454,"Constant-P1"
"FL07","T2",4.5,"Constant","S5","CU38",0.475697242388694,0.546778439527234,0.734318622604731,"Constant-P1"
"FL07","T2",4.5,"Constant","S6","CU39",0.313474057542697,0.401889817362432,0.70669445190021,"Constant-P1"
"FL07","T3",7.5,"Constant","S1","CU34",0.666252062472307,0.438323725310728,1.07859692902649,"Constant-P1"
"FL07","T3",7.5,"Constant","S2","CU35",0.599264135987601,0.516607013782414,0.929749838028615,"Constant-P1"
"FL07","T3",7.5,"Constant","S3","CU36",0.717038323066307,0.523385637274677,0.939063499031116,"Constant-P1"
"FL07","T3",7.5,"Constant","S4","CU37",0.486376198486926,0.36846681703555,0.785558826962643,"Constant-P1"
"FL07","T3",7.5,"Constant","S5","CU38",0.503482032819227,0.578714980251985,0.77720911517067,"Constant-P1"
"FL07","T3",7.5,"Constant","S6","CU39",0.360260395879068,0.461872302409062,0.812169354628121,"Constant-P1"
"FL07","T4",10.5,"Constant","S1","CU34",0.574871685550878,0.378205056283472,0.930661035882695,"Constant-P1"
"FL07","T4",10.5,"Constant","S2","CU35",0.589533572660029,0.508218597120714,0.914653006540732,"Constant-P1"
"FL07","T4",10.5,"Constant","S3","CU36",0.768839602318569,0.561196790013554,1.00690462967096,"Constant-P1"
"FL07","T4",10.5,"Constant","S4","CU37",0.471462743374756,0.357168744980876,0.761471718382244,"Constant-P1"
"FL07","T4",10.5,"Constant","S5","CU38",0.556759756788524,0.639953743435085,0.859452234101096,"Constant-P1"
"FL07","T4",10.5,"Constant","S6","CU39",0.366158122867211,0.469433490855398,0.825465162817208,"Constant-P1"
"FL07","T5",13.5,"Constant","S1","CU34",0.62572625985846,0.411662013064776,1.01298961805859,"Constant-P1"
"FL07","T5",13.5,"Constant","S2","CU35",0.662991377715648,0.571544291134179,1.02862175295978,"Constant-P1"
"FL07","T5",13.5,"Constant","S3","CU36",0.727114274234464,0.530740346156543,0.952259387808125,"Constant-P1"
"FL07","T5",13.5,"Constant","S4","CU37",0.503695643376283,0.381587608618396,0.813531912103842,"Constant-P1"
"FL07","T5",13.5,"Constant","S5","CU38",0.556430723424994,0.63957554416666,0.858944315818692,"Constant-P1"
"FL07","T5",13.5,"Constant","S6","CU39",0.37534735597609,0.481214558943706,0.8461813270388,"Constant-P1"
"FL07","T6",25.5,"Constant","S1","CU34",0.704273339045992,0.463337723056574,1.14014965728052,"Constant-P2"
"FL07","T6",25.5,"Constant","S2","CU35",0.716304271317467,0.61750368217023,1.11133595395136,"Constant-P2"
"FL07","T6",25.5,"Constant","S3","CU36",0.783721595217125,0.572059558552646,1.02639471252192,"Constant-P2"
"FL07","T6",25.5,"Constant","S4","CU37",0.590799734119031,0.44757555615078,0.954215990725258,"Constant-P2"
"FL07","T6",25.5,"Constant","S5","CU38",0.627034132316948,0.72072888772063,0.967932540573578,"Constant-P2"
"FL07","T6",25.5,"Constant","S6","CU39",0.435211514841899,0.557963480566536,0.981138807315702,"Constant-P2"
"FL07","T7",28.5,"Constant","S1","CU34",0.67439927852922,0.443683735874487,1.09178647501678,"Constant-P2"
"FL07","T7",28.5,"Constant","S2","CU35",0.720258643216603,0.620912623462588,1.11747110606867,"Constant-P2"
"FL07","T7",28.5,"Constant","S3","CU36",0.766380551636654,0.559401862508507,1.00368415363311,"Constant-P2"
"FL07","T7",28.5,"Constant","S4","CU37",0.601366643277111,0.455580790361448,0.971282880076888,"Constant-P2"
"FL07","T7",28.5,"Constant","S5","CU38",0.570848624484479,0.656147844235034,0.881200768670277,"Constant-P2"
"FL07","T7",28.5,"Constant","S6","CU39",0.431780519375107,0.553564768429623,0.973403987152645,"Constant-P2"
"FL07","T8",31.5,"Constant","S1","CU34",0.642722607315737,0.422843820602459,1.04050504233219,"Constant-P2"
"FL07","T8",31.5,"Constant","S2","CU35",0.714712434386169,0.616131408953594,1.10886624144871,"Constant-P2"
"FL07","T8",31.5,"Constant","S3","CU36",0.812174878735263,0.592828378638878,1.06365832747796,"Constant-P2"
"FL07","T8",31.5,"Constant","S4","CU37",0.573370699356834,0.434371741936996,0.926065904134929,"Constant-P2"
"FL07","T8",31.5,"Constant","S5","CU38",0.720143379580692,0.827751011012289,1.11166230839638,"Constant-P2"
"FL07","T8",31.5,"Constant","S6","CU39",0.431025812508804,0.552597195524107,0.97170257951653,"Constant-P2"
"FL07","T9",34.5,"Constant","S1","CU34",0.642797252135,0.422892929036184,1.04062588499424,"Constant-P2"
"FL07","T9",34.5,"Constant","S2","CU35",0.683906765607699,0.589574797937672,1.06107168169261,"Constant-P2"
"FL07","T9",34.5,"Constant","S3","CU36",0.806940475695467,0.589007646493042,1.05680313344472,"Constant-P2"
"FL07","T9",34.5,"Constant","S4","CU37",0.577304650400528,0.437352007879188,0.932419730610868,"Constant-P2"
"FL07","T9",34.5,"Constant","S5","CU38",0.582225933100476,0.669225210460316,0.898763556190118,"Constant-P2"
"FL07","T9",34.5,"Constant","S6","CU39",0.41786132690933,0.535719649883756,0.942024624638234,"Constant-P2"
"FL08","T0",-1,"Ambient","S1","CU40",0.6361303202144,0.558009052819649,1,"Ambient-P1"
"FL08","T0",-1,"Ambient","S2","CU41",0.900854530559827,0.682465553454414,1,"Ambient-P1"
"FL08","T0",-1,"Ambient","S3","CU42",1.06541558027369,0.678608649855852,1,"Ambient-P1"
"FL08","T0",-1,"Ambient","S4","CU43",0.628193947774092,0.775548083671718,1,"Ambient-P1"
"FL08","T0",-1,"Ambient","S5","CU44",0.92132696768827,0.725454305266355,1,"Ambient-P1"
"FL08","T0",-1,"Ambient","S6","CU45",0.7024751657418,0.532178155865,1,"Ambient-P1"
"FL08","T1",1.5,"Ambient","S1","CU40",0.660753481122349,0.57960831677399,1.03870773035885,"Ambient-P1"
"FL08","T1",1.5,"Ambient","S2","CU41",0.805917762993556,0.610543759843604,0.894614763709661,"Ambient-P1"
"FL08","T1",1.5,"Ambient","S3","CU42",1.06047456650958,0.675461507330939,0.995362360138527,"Ambient-P1"
"FL08","T1",1.5,"Ambient","S4","CU43",0.62287268416997,0.768978622432062,0.991529266362759,"Ambient-P1"
"FL08","T1",1.5,"Ambient","S5","CU44",0.899641873090731,0.708379427630496,0.97646319346111,"Ambient-P1"
"FL08","T1",1.5,"Ambient","S6","CU45",0.705516597762635,0.534482271032299,1.00432959365563,"Ambient-P1"
"FL08","T10",37.5,"Ambient","S1","CU40",0.721719026968221,0.633086865761597,1.13454586903667,"Ambient-P2"
"FL08","T10",37.5,"Ambient","S2","CU41",0.891543268195788,0.675411566814991,0.989663966769139,"Ambient-P2"
"FL08","T10",37.5,"Ambient","S3","CU42",1.01741881905272,0.648037464364791,0.954950197735389,"Ambient-P2"
"FL08","T10",37.5,"Ambient","S4","CU43",0.587900858836764,0.725803529428103,0.935858839328044,"Ambient-P2"
"FL08","T10",37.5,"Ambient","S5","CU44",0.906616139057507,0.713870975635832,0.984032998982245,"Ambient-P2"
"FL08","T10",37.5,"Ambient","S6","CU45",0.682144602741586,0.516776214198171,0.971058673684576,"Ambient-P2"
"FL08","T11",49.5,"Ambient","S1","CU40",0.738065742865793,0.647426090233152,1.16024298702982,"Ambient-P3"
"FL08","T11",49.5,"Ambient","S2","CU41",0.961033777507293,0.72805589205098,1.0668024025034,"Ambient-P3"
"FL08","T11",49.5,"Ambient","S3","CU42",1.27355250364502,0.811179938627404,1.19535749920033,"Ambient-P3"
"FL08","T11",49.5,"Ambient","S4","CU43",0.620056003190034,0.765501238506215,0.987045490309334,"Ambient-P3"
"FL08","T11",49.5,"Ambient","S5","CU44",0.860756822198334,0.677761277321523,0.93425770913673,"Ambient-P3"
"FL08","T11",49.5,"Ambient","S6","CU45",0.728721786708755,0.552061959627844,1.03736305886236,"Ambient-P3"
"FL08","T12",52.5,"Ambient","S1","CU40",0.812717369766259,0.712909973479175,1.27759571260861,"Ambient-P3"
"FL08","T12",52.5,"Ambient","S2","CU41",1.06816532619834,0.809216156210861,1.18572454260127,"Ambient-P3"
"FL08","T12",52.5,"Ambient","S3","CU42",1.18736373269696,0.756282632291059,1.1144606430403,"Ambient-P3"
"FL08","T12",52.5,"Ambient","S4","CU43",0.670204708523386,0.827413220399242,1.06687546242391,"Ambient-P3"
"FL08","T12",52.5,"Ambient","S5","CU44",0.931358796849043,0.733353383345702,1.01088845709786,"Ambient-P3"
"FL08","T12",52.5,"Ambient","S6","CU45",0.732272617948095,0.554751983294012,1.04241780159563,"Ambient-P3"
"FL08","T13",55.5,"Ambient","S1","CU40",0.712348877675169,0.624867436557166,1.11981594814578,"Ambient-P3"
"FL08","T13",55.5,"Ambient","S2","CU41",0.966351787475924,0.732084687481761,1.07270569741753,"Ambient-P3"
"FL08","T13",55.5,"Ambient","S3","CU42",1.16385832444881,0.741311034680772,1.09239844620053,"Ambient-P3"
"FL08","T13",55.5,"Ambient","S4","CU43",0.622485533930065,0.768500659172919,0.990912975420642,"Ambient-P3"
"FL08","T13",55.5,"Ambient","S5","CU44",0.952617101414394,0.750092205838106,1.03396202957636,"Ambient-P3"
"FL08","T13",55.5,"Ambient","S6","CU45",0.706567925079698,0.535278731120983,1.00582619790349,"Ambient-P3"
"FL08","T14",58.5,"Ambient","S1","CU40",0.72078369868718,0.632266402357176,1.13307552836697,"Ambient-P3"
"FL08","T14",58.5,"Ambient","S2","CU41",0.979873884845963,0.74232870064088,1.08771599809464,"Ambient-P3"
"FL08","T14",58.5,"Ambient","S3","CU42",1.16413606963828,0.741487942444766,1.09265913807947,"Ambient-P3"
"FL08","T14",58.5,"Ambient","S4","CU43",0.594195119997883,0.73357422221961,0.945878453785368,"Ambient-P3"
"FL08","T14",58.5,"Ambient","S5","CU44",0.996709549325538,0.784810668760268,1.08181957576517,"Ambient-P3"
"FL08","T14",58.5,"Ambient","S6","CU45",0.682670402321944,0.517174547213594,0.971807169298373,"Ambient-P3"
"FL08","T15",61.5,"Ambient","S1","CU40",0.739943039289788,0.64907284148227,1.16319410626489,"Ambient-P3"
"FL08","T15",61.5,"Ambient","S2","CU41",1.02106066477782,0.773530806649865,1.13343567706019,"Ambient-P3"
"FL08","T15",61.5,"Ambient","S3","CU42",1.28148728963137,0.816233942440363,1.20280509630071,"Ambient-P3"
"FL08","T15",61.5,"Ambient","S4","CU43",0.586441410514184,0.724001741375535,0.933535594528009,"Ambient-P3"
"FL08","T15",61.5,"Ambient","S5","CU44",0.976692697257808,0.769049367919533,1.06009346465615,"Ambient-P3"
"FL08","T15",61.5,"Ambient","S6","CU45",0.684015038931271,0.518193211311569,0.973721310430903,"Ambient-P3"
"FL08","T2",4.5,"Ambient","S1","CU40",0.724298224492771,0.6353493197305,1.13860038026273,"Ambient-P1"
"FL08","T2",4.5,"Ambient","S2","CU41",0.968755004317658,0.733905306301257,1.07537340542167,"Ambient-P1"
"FL08","T2",4.5,"Ambient","S3","CU42",1.05918795536518,0.67464200978674,0.994154745787644,"Ambient-P1"
"FL08","T2",4.5,"Ambient","S4","CU43",0.681203135084313,0.840991524795447,1.08438347344487,"Ambient-P1"
"FL08","T2",4.5,"Ambient","S5","CU44",0.813232903479726,0.640340868881674,0.882675675412207,"Ambient-P1"
"FL08","T2",4.5,"Ambient","S6","CU45",0.738013095940966,0.559100830258307,1.05058958940084,"Ambient-P1"
"FL08","T3",7.5,"Ambient","S1","CU40",0.6740226287421,0.59124791994921,1.05956689584444,"Ambient-P1"
"FL08","T3",7.5,"Ambient","S2","CU41",0.926859208132496,0.702166066767042,1.02886667790471,"Ambient-P1"
"FL08","T3",7.5,"Ambient","S3","CU42",1.07855354103069,0.686976777726551,1.012331301513,"Ambient-P1"
"FL08","T3",7.5,"Ambient","S4","CU43",0.628953488833035,0.776485788682759,1.00120908687776,"Ambient-P1"
"FL08","T3",7.5,"Ambient","S5","CU44",0.806673078633463,0.635175652467293,0.875555700553854,"Ambient-P1"
"FL08","T3",7.5,"Ambient","S6","CU45",0.763331394697951,0.578281359619659,1.08663114644329,"Ambient-P1"
"FL08","T4",10.5,"Ambient","S1","CU40",0.645956818681763,0.566628788317336,1.01544730404306,"Ambient-P1"
"FL08","T4",10.5,"Ambient","S2","CU41",0.896137067985078,0.678891718170514,0.994763347005852,"Ambient-P1"
"FL08","T4",10.5,"Ambient","S3","CU42",1.06733028114725,0.67982820455239,1.00179713992269,"Ambient-P1"
"FL08","T4",10.5,"Ambient","S4","CU43",0.617467560969806,0.762305630826921,0.982925039564147,"Ambient-P1"
"FL08","T4",10.5,"Ambient","S5","CU44",0.835218413457925,0.657652294061359,0.906538550101922,"Ambient-P1"
"FL08","T4",10.5,"Ambient","S6","CU45",0.729432659669571,0.552600499749676,1.03837501344166,"Ambient-P1"
"FL08","T5",13.5,"Ambient","S1","CU40",0.781192337192219,0.685256436133525,1.228038205959,"Ambient-P1"
"FL08","T5",13.5,"Ambient","S2","CU41",1.02513395118896,0.776616629688606,1.13795725770719,"Ambient-P1"
"FL08","T5",13.5,"Ambient","S3","CU42",1.04648474757783,0.666550794635563,0.98223150379405,"Ambient-P1"
"FL08","T5",13.5,"Ambient","S4","CU43",0.586512163917767,0.724089091256503,0.933648224399459,"Ambient-P1"
"FL08","T5",13.5,"Ambient","S5","CU44",0.861434284504081,0.678294712207938,0.93499302062712,"Ambient-P1"
"FL08","T5",13.5,"Ambient","S6","CU45",0.71814160759739,0.544046672422265,1.02230177324354,"Ambient-P1"
"FL08","T6",25.5,"Ambient","S1","CU40",0.674353289074253,0.591537972872151,1.060086695517,"Ambient-P2"
"FL08","T6",25.5,"Ambient","S2","CU41",0.957812939574667,0.725615863314142,1.06322708837291,"Ambient-P2"
"FL08","T6",25.5,"Ambient","S3","CU42",1.10522438841931,0.703964578611024,1.037364582312,"Ambient-P2"
"FL08","T6",25.5,"Ambient","S4","CU43",0.640433441038984,0.790658569183931,1.01948362175131,"Ambient-P2"
"FL08","T6",25.5,"Ambient","S5","CU44",0.908119179354236,0.71505447193247,0.985664385394932,"Ambient-P2"
"FL08","T6",25.5,"Ambient","S6","CU45",0.787675835204807,0.596724117579399,1.12128637938828,"Ambient-P2"
"FL08","T7",28.5,"Ambient","S1","CU40",0.710520515400904,0.623263610000793,1.11694175363537,"Ambient-P2"
"FL08","T7",28.5,"Ambient","S2","CU41",0.951406810707534,0.720762735384495,1.05611591931085,"Ambient-P2"
"FL08","T7",28.5,"Ambient","S3","CU42",1.14138661395041,0.726997843280519,1.07130647897716,"Ambient-P2"
"FL08","T7",28.5,"Ambient","S4","CU43",0.63219557931059,0.780488369519247,1.0063700574491,"Ambient-P2"
"FL08","T7",28.5,"Ambient","S5","CU44",0.874150508211155,0.688307486780437,0.948795095409518,"Ambient-P2"
"FL08","T7",28.5,"Ambient","S6","CU45",0.739486061945946,0.560216713595413,1.0526864122877,"Ambient-P2"
"FL08","T8",31.5,"Ambient","S1","CU40",0.731101255404186,0.641316890705427,1.14929477839977,"Ambient-P2"
"FL08","T8",31.5,"Ambient","S2","CU41",0.891563169617952,0.675426643649964,0.989686058484824,"Ambient-P2"
"FL08","T8",31.5,"Ambient","S3","CU42",1.14631496435434,0.730136919970915,1.07593223299763,"Ambient-P2"
"FL08","T8",31.5,"Ambient","S4","CU43",0.604220833912723,0.74595164680583,0.961838037525967,"Ambient-P2"
"FL08","T8",31.5,"Ambient","S5","CU44",0.894551012562068,0.704370876033124,0.970937619254337,"Ambient-P2"
"FL08","T8",31.5,"Ambient","S6","CU45",0.706657276934083,0.535346421919759,1.00595339365181,"Ambient-P2"
"FL08","T9",34.5,"Ambient","S1","CU40",0.739654722640685,0.648819932140952,1.16274087107087,"Ambient-P2"
"FL08","T9",34.5,"Ambient","S2","CU41",0.978252256673955,0.741100194449967,1.08591589817063,"Ambient-P2"
"FL08","T9",34.5,"Ambient","S3","CU42",1.16475773330244,0.741883906562065,1.09324263214101,"Ambient-P2"
"FL08","T9",34.5,"Ambient","S4","CU43",0.606620999031062,0.748914813618595,0.965658776529971,"Ambient-P2"
"FL08","T9",34.5,"Ambient","S5","CU44",0.951013083271897,0.74882919942669,1.03222104271854,"Ambient-P2"
"FL08","T9",34.5,"Ambient","S6","CU45",0.732733704964645,0.555101291639883,1.04307417642429,"Ambient-P2"
"FL09","T0",-1,"Cyc6","S2","CU47",1.19402317929916,0.978707524015704,1,"Cyc6-P1"
"FL09","T0",-1,"Cyc6","S3","CU48",1.00503620547042,0.728287105413352,1,"Cyc6-P1"
"FL09","T0",-1,"Cyc6","S4","CU49",0.65453083286971,0.595028029881555,1,"Cyc6-P1"
"FL09","T1",1.5,"Cyc6","S2","CU47",0.979344113388069,0.802741076547598,0.820205277725767,"Cyc6-P1"
"FL09","T1",1.5,"Cyc6","S3","CU48",0.949367143141838,0.687947205175245,0.94460989362813,"Cyc6-P1"
"FL09","T1",1.5,"Cyc6","S4","CU49",0.625500978876486,0.568637253524078,0.955647843408771,"Cyc6-P1"
"FL09","T10",37.5,"Cyc6","S2","CU47",1.02908082848343,0.843508875806094,0.861860009357157,"Cyc6-P2"
"FL09","T10",37.5,"Cyc6","S3","CU48",0.998094344555073,0.723256771416718,0.993092924535882,"Cyc6-P2"
"FL09","T10",37.5,"Cyc6","S4","CU49",0.625470177072525,0.568609251884114,0.955600784045921,"Cyc6-P2"
"FL09","T10.5",40.5,"Cyc6","S2","CU47",0.942453046739733,0.772502497327651,0.789308836778959,"Cyc6-P2"
"FL09","T10.5",40.5,"Cyc6","S3","CU48",1.0556763994172,0.764982898128408,1.05038643749463,"Cyc6-P2"
"FL09","T10.5",40.5,"Cyc6","S4","CU49",0.539598103846914,0.490543730769922,0.824404408087411,"Cyc6-P2"
"FL09","T11",49.5,"Cyc6","S2","CU47",1.01323779706972,0.830522784483375,0.848591396411957,"Cyc6-P3"
"FL09","T11",49.5,"Cyc6","S3","CU48",0.945544862497618,0.685177436592477,0.940806766314492,"Cyc6-P3"
"FL09","T11",49.5,"Cyc6","S4","CU49",0.63046607658467,0.573150978713337,0.963233578807081,"Cyc6-P3"
"FL09","T12",52.5,"Cyc6","S2","CU47",1.09370140385853,0.896476560539776,0.915980043620663,"Cyc6-P3"
"FL09","T12",52.5,"Cyc6","S3","CU48",0.974034288074172,0.705821947879834,0.969153432256958,"Cyc6-P3"
"FL09","T12",52.5,"Cyc6","S4","CU49",0.614320769185052,0.558473426531866,0.938566585918708,"Cyc6-P3"
"FL09","T13",55.5,"Cyc6","S2","CU47",1.22889099082269,1.00728769739565,1.02920195531212,"Cyc6-P3"
"FL09","T13",55.5,"Cyc6","S3","CU48",1.0669507931672,0.773152748671885,1.0616043356048,"Cyc6-P3"
"FL09","T13",55.5,"Cyc6","S4","CU49",0.771161164074086,0.701055603703715,1.17818920873907,"Cyc6-P3"
"FL09","T14",58.5,"Cyc6","S2","CU47",1.1968182950778,0.980998602522788,1.00234092254414,"Cyc6-P3"
"FL09","T14",58.5,"Cyc6","S3","CU48",1.07958908237174,0.782310929254885,1.0741792947314,"Cyc6-P3"
"FL09","T14",58.5,"Cyc6","S4","CU49",0.709240121089783,0.644763746445258,1.08358550196972,"Cyc6-P3"
"FL09","T15",61.5,"Cyc6","S2","CU47",0.975840418157391,0.799869195210976,0.817270916574809,"Cyc6-P3"
"FL09","T15",61.5,"Cyc6","S3","CU48",0.925089447511598,0.670354672109854,0.920453852782939,"Cyc6-P3"
"FL09","T15",61.5,"Cyc6","S4","CU49",0.6097170812252,0.554288255659274,0.931533016637231,"Cyc6-P3"
"FL09","T15.5",64.5,"Cyc6","S2","CU47",1.01926434181131,0.835462575255171,0.853638655833779,"Cyc6-P3"
"FL09","T15.5",64.5,"Cyc6","S3","CU48",0.880408510679619,0.637977181651898,0.875996810749248,"Cyc6-P3"
"FL09","T15.5",64.5,"Cyc6","S4","CU49",0.564188784307096,0.512898894824633,0.861974342497327,"Cyc6-P3"
"FL09","T2",4.5,"Cyc6","S2","CU47",0.957747361771409,0.785038821124106,0.802117897186524,"Cyc6-P1"
"FL09","T2",4.5,"Cyc6","S3","CU48",0.979184477236361,0.709553969011856,0.974277813979882,"Cyc6-P1"
"FL09","T2",4.5,"Cyc6","S4","CU49",0.643766403401046,0.585242184910042,0.983553976485005,"Cyc6-P1"
"FL09","T3",7.5,"Cyc6","S2","CU47",1.09859165938298,0.900484966707367,0.920075655505963,"Cyc6-P1"
"FL09","T3",7.5,"Cyc6","S3","CU48",1.21509670489583,0.880504858620169,1.20900789273267,"Cyc6-P1"
"FL09","T3",7.5,"Cyc6","S4","CU49",0.741799816851437,0.674363469864943,1.13333059284481,"Cyc6-P1"
"FL09","T4",10.5,"Cyc6","S2","CU47",1.16991705169874,0.958948403031756,0.979811005331935,"Cyc6-P1"
"FL09","T4",10.5,"Cyc6","S3","CU48",1.10571132137117,0.801240087950123,1.10017063599577,"Cyc6-P1"
"FL09","T4",10.5,"Cyc6","S4","CU49",0.702158782515461,0.638326165923147,1.07276654857791,"Cyc6-P1"
"FL09","T5",13.5,"Cyc6","S2","CU47",0.998075405456924,0.818094594636822,0.83589282248503,"Cyc6-P1"
"FL09","T5",13.5,"Cyc6","S3","CU48",0.982683750941779,0.712089674595491,0.977759552932539,"Cyc6-P1"
"FL09","T5",13.5,"Cyc6","S4","CU49",0.621107513782289,0.564643194347536,0.94893545512458,"Cyc6-P1"
"FL09","T5.5",16.5,"Cyc6","S2","CU47",1.02859521553739,0.843110832407698,0.861453306242458,"Cyc6-P1"
"FL09","T5.5",16.5,"Cyc6","S3","CU48",0.981696679858637,0.711374405694665,0.976777428032194,"Cyc6-P1"
"FL09","T5.5",16.5,"Cyc6","S4","CU49",0.610661860234072,0.555147145667338,0.93297646125653,"Cyc6-P1"
"FL09","T6",25.5,"Cyc6","S2","CU47",0.951269364089853,0.779728986958895,0.796692543814942,"Cyc6-P2"
"FL09","T6",25.5,"Cyc6","S3","CU48",0.97236564583238,0.704612786835058,0.967493151530046,"Cyc6-P2"
"FL09","T6",25.5,"Cyc6","S4","CU49",0.599044413879662,0.544585830799693,0.915227188386566,"Cyc6-P2"
"FL09","T7",28.5,"Cyc6","S2","CU47",1.00570679958487,0.824349835725303,0.84228415077769,"Cyc6-P2"
"FL09","T7",28.5,"Cyc6","S3","CU48",1.02107336817828,0.739908237810343,1.01595680097947,"Cyc6-P2"
"FL09","T7",28.5,"Cyc6","S4","CU49",0.668865631163417,0.608059664694016,1.02190087551851,"Cyc6-P2"
"FL09","T8",31.5,"Cyc6","S2","CU47",1.19321055576795,0.978041439154057,0.999319423990005,"Cyc6-P2"
"FL09","T8",31.5,"Cyc6","S3","CU48",1.15232619344012,0.835018980753711,1.14655192237652,"Cyc6-P2"
"FL09","T8",31.5,"Cyc6","S4","CU49",0.760455247529352,0.691322952299412,1.16183258196597,"Cyc6-P2"
"FL09","T9",34.5,"Cyc6","S2","CU47",1.06865735862362,0.875948654609522,0.895005538544799,"Cyc6-P2"
"FL09","T9",34.5,"Cyc6","S3","CU48",1.18443692578881,0.858287627383199,1.17850174883443,"Cyc6-P2"
"FL09","T9",34.5,"Cyc6","S4","CU49",0.710135980043729,0.645578163676117,1.08495420594661,"Cyc6-P2"
"FL10","T0",-1,"Cyc6","S4","CU55",0.45771304568164,0.526106949059357,1,"Cyc6-P1"
"FL10","T0",-1,"Cyc6","S5","CU56",0.53498691164619,0.652423062983158,1,"Cyc6-P1"
"FL10","T0",-1,"Cyc6","S6","CU57",0.436333848989015,0.566667336349371,1,"Cyc6-P1"
"FL10","T1",1.5,"Cyc6","S4","CU55",0.396802759317601,0.456095125652415,0.866924731687885,"Cyc6-P1"
"FL10","T1",1.5,"Cyc6","S5","CU56",0.411289110010146,0.501572085378227,0.768783499290819,"Cyc6-P1"
"FL10","T1",1.5,"Cyc6","S6","CU57",0.368089901778246,0.478038833478241,0.843596944475221,"Cyc6-P1"
"FL10","T10",37.5,"Cyc6","S4","CU55",0.403693359068889,0.464015355251597,0.881979141467766,"Cyc6-P2"
"FL10","T10",37.5,"Cyc6","S5","CU56",0.390219514713639,0.475877456967853,0.729400114692355,"Cyc6-P2"
"FL10","T10",37.5,"Cyc6","S6","CU57",0.360878689350411,0.468673622533001,0.827070121161963,"Cyc6-P2"
"FL10","T10.5",40.5,"Cyc6","S4","CU55",0.439136612517535,0.504754727031649,0.959414674020398,"Cyc6-P2"
"FL10","T10.5",40.5,"Cyc6","S5","CU56",0.405151125144956,0.494086737981654,0.75731034970235,"Cyc6-P2"
"FL10","T10.5",40.5,"Cyc6","S6","CU57",0.38695711611378,0.502541709238675,0.886837262363117,"Cyc6-P2"
"FL10","T11",49.5,"Cyc6","S4","CU55",0.44050211322579,0.506324268075621,0.962397985772463,"Cyc6-P3"
"FL10","T11",49.5,"Cyc6","S5","CU56",0.393356034056658,0.4797024805569,0.735262911098658,"Cyc6-P3"
"FL10","T11",49.5,"Cyc6","S6","CU57",0.383282133179335,0.497769004129006,0.878414851534894,"Cyc6-P3"
"FL10","T12",52.5,"Cyc6","S4","CU55",0.448146112904324,0.515110474602672,0.979098404846493,"Cyc6-P3"
"FL10","T12",52.5,"Cyc6","S5","CU56",0.429192228152743,0.523405156283833,0.802248090204844,"Cyc6-P3"
"FL10","T12",52.5,"Cyc6","S6","CU57",0.425260389522991,0.552286220159727,0.974621589657363,"Cyc6-P3"
"FL10","T13",55.5,"Cyc6","S4","CU55",0.580379110218297,0.667102425538273,1.26799774595452,"Cyc6-P3"
"FL10","T13",55.5,"Cyc6","S5","CU56",0.618695407273317,0.754506594235753,1.15646830568163,"Cyc6-P3"
"FL10","T13",55.5,"Cyc6","S6","CU57",0.538847474318452,0.699801914699288,1.23494309590457,"Cyc6-P3"
"FL10","T14",58.5,"Cyc6","S4","CU55",0.528106802949158,0.607019313734664,1.15379451805374,"Cyc6-P3"
"FL10","T14",58.5,"Cyc6","S5","CU56",0.539398946665723,0.657803593494783,1.0082469961853,"Cyc6-P3"
"FL10","T14",58.5,"Cyc6","S6","CU57",0.483813232538761,0.628328873426963,1.10881434859971,"Cyc6-P3"
"FL10","T15",61.5,"Cyc6","S4","CU55",0.424391235222755,0.487806017497419,0.927199342965499,"Cyc6-P3"
"FL10","T15",61.5,"Cyc6","S5","CU56",0.436103164688449,0.53183312766884,0.815166044616926,"Cyc6-P3"
"FL10","T15",61.5,"Cyc6","S6","CU57",0.40496662959957,0.525930687791649,0.928111881619719,"Cyc6-P3"
"FL10","T15.5",64.5,"Cyc6","S4","CU55",0.418595227229407,0.481143939344146,0.914536369847229,"Cyc6-P3"
"FL10","T15.5",64.5,"Cyc6","S5","CU56",0.4231958925716,0.516092551916585,0.79103971211071,"Cyc6-P3"
"FL10","T15.5",64.5,"Cyc6","S6","CU57",0.412821197831456,0.536131425755138,0.946113162634441,"Cyc6-P3"
"FL10","T2",4.5,"Cyc6","S4","CU55",0.434412036327058,0.499324179686274,0.949092538273884,"Cyc6-P1"
"FL10","T2",4.5,"Cyc6","S5","CU56",0.253842510436869,0.309564037118133,0.474483589992471,"Cyc6-P1"
"FL10","T2",4.5,"Cyc6","S6","CU57",0.40771674827556,0.52950227048774,0.934414667164233,"Cyc6-P1"
"FL10","T3",7.5,"Cyc6","S4","CU55",0.54203736917924,0.623031458826713,1.18422967029926,"Cyc6-P1"
"FL10","T3",7.5,"Cyc6","S5","CU56",0.666178452253019,0.812412746650023,1.24522383211796,"Cyc6-P1"
"FL10","T3",7.5,"Cyc6","S6","CU57",0.486557490794387,0.631892845187516,1.11510370309739,"Cyc6-P1"
"FL10","T4",10.5,"Cyc6","S4","CU55",0.509128197472315,0.585204824680822,1.11233053607661,"Cyc6-P1"
"FL10","T4",10.5,"Cyc6","S5","CU56",0.604301904995874,0.736953542677895,1.12956390491199,"Cyc6-P1"
"FL10","T4",10.5,"Cyc6","S6","CU57",0.46908451001185,0.609200662353052,1.07505872189086,"Cyc6-P1"
"FL10","T5",13.5,"Cyc6","S4","CU55",0.427597297739675,0.491491146827214,0.934203868065164,"Cyc6-P1"
"FL10","T5",13.5,"Cyc6","S5","CU56",0.396643523297381,0.483711613777293,0.741407901133287,"Cyc6-P1"
"FL10","T5",13.5,"Cyc6","S6","CU57",0.378932996388459,0.492120774530466,0.868447399316935,"Cyc6-P1"
"FL10","T5.5",16.5,"Cyc6","S4","CU55",0.436109379308272,0.501275148630198,0.952800850713801,"Cyc6-P1"
"FL10","T5.5",16.5,"Cyc6","S5","CU56",0.440298756720671,0.536949703317892,0.823008464573169,"Cyc6-P1"
"FL10","T5.5",16.5,"Cyc6","S6","CU57",0.393614871206047,0.511188144423438,0.902095659362784,"Cyc6-P1"
"FL10","T6",25.5,"Cyc6","S4","CU55",0.484647598056707,0.557066204662882,1.05884593552485,"Cyc6-P2"
"FL10","T6",25.5,"Cyc6","S5","CU56",0.420856965844442,0.51324020224932,0.786667779496582,"Cyc6-P2"
"FL10","T6",25.5,"Cyc6","S6","CU57",0.372140885775813,0.483299851656899,0.852881083230334,"Cyc6-P2"
"FL10","T7",28.5,"Cyc6","S4","CU55",0.486385499723551,0.559063792785691,1.06264285956545,"Cyc6-P2"
"FL10","T7",28.5,"Cyc6","S5","CU56",0.438139956211595,0.534317019770237,0.81897322471574,"Cyc6-P2"
"FL10","T7",28.5,"Cyc6","S6","CU57",0.433947815102162,0.563568591041769,0.99453163239024,"Cyc6-P2"
"FL10","T8",31.5,"Cyc6","S4","CU55",0.597354723859424,0.686614625125775,1.30508564152858,"Cyc6-P2"
"FL10","T8",31.5,"Cyc6","S5","CU56",0.579421752459089,0.706611893242792,1.08305780916429,"Cyc6-P2"
"FL10","T8",31.5,"Cyc6","S6","CU57",0.580611764349076,0.754041252401397,1.33065946108548,"Cyc6-P2"
"FL10","T9",34.5,"Cyc6","S4","CU55",0.566603819435375,0.651268757971695,1.23790183561749,"Cyc6-P2"
"FL10","T9",34.5,"Cyc6","S5","CU56",0.551707119809208,0.672813560742937,1.03125349013038,"Cyc6-P2"
"FL10","T9",34.5,"Cyc6","S6","CU57",0.518162919354611,0.67293885630469,1.18753775476093,"Cyc6-P2"
